Model,RMSE,MAE,MAPE
ARIMA(log),1063.6847108674458,1016.2497676779514,0.07964497863223556
SARIMA(log),1548.535506168418,1393.3097840842472,0.10921088367777095
LSTM(log),968.3652265461566,778.5126024426258,0.058885243587458676
